id;histo;tag;hrs;gx;gy;gz;ax;ay;az
1;1;1;4372000;0;0;0;0;0;0
2;1;1;4373000;0;0.523599;0;0;0;0
3;1;1;4374000;0;0.523599;0;0;0;0
4;1;1;4375000;0;0.560612;0;0;0;0
5;1;1;4376000;0;0;0;1;0;0
6;1;1;4377000;0;0;0;1;0;0
7;1;1;4378000;0;0;0;1;0;0
